Customer ID,Recency,Frequency,Monetary,Country,anomaly_label,anomaly_score,churn_risk_score,churn_risk_level,KMeansCluster,KMeansSegment,cltv_6_months,CLTVSegment,RecommendedAction,explanation
20001.0,37,5,1664.280864849929,United Kingdom,1,0.17613980900350917,3.1925491046252863,LOW,3,New/Occasional,478.2796837878504,B,Loyalty Maintenance,Customer categorized as 'New/Occasional' with Churn Risk level: LOW (3.2/100) and CLTV Tier: B. Key drivers: Very recent interaction (37 days ago). Action: Loyalty Maintenance.
20002.0,480,2,72.871552024298,United Kingdom,1,0.11406199038537629,16.72872094946831,LOW,1,Hibernating,28.81405899810823,D,Standard Nurture,Customer categorized as 'Hibernating' with Churn Risk level: LOW (16.7/100) and CLTV Tier: D. Key drivers: Inactivity of 480 days is significantly above standard limit. Low repeat purchase rate. Low transaction value (£72.87). Action: Standard Nurture.
20003.0,577,2,152.43226919548022,Spain,1,0.07792408642319731,24.6086511569644,LOW,1,Hibernating,50.176311409464276,D,Standard Nurture,Customer categorized as 'Hibernating' with Churn Risk level: LOW (24.6/100) and CLTV Tier: D. Key drivers: Inactivity of 577 days is significantly above standard limit. Low repeat purchase rate. Low transaction value (£152.43). Action: Standard Nurture.
20004.0,7,2,262.5916610133735,United Kingdom,1,0.1621685726102936,6.239000492790692,LOW,3,New/Occasional,305.8531579195625,C,Onboarding Campaign,Customer categorized as 'New/Occasional' with Churn Risk level: LOW (6.2/100) and CLTV Tier: C. Key drivers: Very recent interaction (7 days ago). Low repeat purchase rate. Low transaction value (£262.59). Action: Onboarding Campaign.
20005.0,8,2,543.6063712881632,Germany,1,0.17211722797283957,4.069679604746379,LOW,3,New/Occasional,621.8777309301106,B,Loyalty Maintenance,Customer categorized as 'New/Occasional' with Churn Risk level: LOW (4.1/100) and CLTV Tier: B. Key drivers: Very recent interaction (8 days ago). Low repeat purchase rate. Low transaction value (£543.61). Action: Loyalty Maintenance.
20006.0,5,1,456.6223936114975,United Kingdom,1,0.14774232119741393,9.384668664587704,LOW,3,New/Occasional,0.0,Unknown,Onboarding Campaign,Customer categorized as 'New/Occasional' with Churn Risk level: LOW (9.4/100) and CLTV Tier: Unknown. Key drivers: Very recent interaction (5 days ago). Low repeat purchase rate. Low transaction value (£456.62). Action: Onboarding Campaign.
20007.0,367,21,8925.54715637269,France,-1,-0.08120779615893947,59.30762345616169,HIGH,0,High Value,0.0034333951496565134,D,Standard Nurture,"Customer categorized as 'High Value' with Churn Risk level: HIGH (59.3/100) and CLTV Tier: D. Key drivers: Inactivity of 367 days is significantly above standard limit. High historical engagement with 21 distinct transactions. Extremely high historical spend of £8,925.55. Action: Standard Nurture."
20008.0,44,4,440.6706027905523,United Kingdom,1,0.17811562469636527,2.7617191987492906,LOW,3,New/Occasional,227.05134036179533,C,Onboarding Campaign,Customer categorized as 'New/Occasional' with Churn Risk level: LOW (2.8/100) and CLTV Tier: C. Key drivers: Very recent interaction (44 days ago). Low transaction value (£440.67). Action: Onboarding Campaign.
20009.0,7,43,57163.70648195956,United Kingdom,-1,-0.17091723952047355,78.86891714331189,CRITICAL,0,High Value,3.3126969296731495e-42,D,Low-cost Automation,"Customer categorized as 'High Value' with Churn Risk level: CRITICAL (78.9/100) and CLTV Tier: D. Key drivers: Very recent interaction (7 days ago). High historical engagement with 43 distinct transactions. Extremely high historical spend of £57,163.71. Action: Low-cost Automation."
20010.0,7,26,61666.33539072865,United Kingdom,-1,-0.14150264876372953,72.45501658926253,HIGH,0,High Value,3.026517532243716e-18,D,Standard Nurture,"Customer categorized as 'High Value' with Churn Risk level: HIGH (72.5/100) and CLTV Tier: D. Key drivers: Very recent interaction (7 days ago). High historical engagement with 26 distinct transactions. Extremely high historical spend of £61,666.34. Action: Standard Nurture."
20011.0,309,14,6477.017434965216,United Kingdom,-1,-0.022331765542348725,46.46960682302533,MEDIUM,2,At Risk,7.034398408482369,D,Standard Nurture,"Customer categorized as 'At Risk' with Churn Risk level: MEDIUM (46.5/100) and CLTV Tier: D. Key drivers: Inactivity of 309 days is significantly above standard limit. High historical engagement with 14 distinct transactions. Extremely high historical spend of £6,477.02. Action: Standard Nurture."
20012.0,215,17,12697.444554773005,United Kingdom,-1,-0.059279298812579984,54.526078050943426,HIGH,0,High Value,0.024285741801195474,D,Standard Nurture,"Customer categorized as 'High Value' with Churn Risk level: HIGH (54.5/100) and CLTV Tier: D. Key drivers: High historical engagement with 17 distinct transactions. Extremely high historical spend of £12,697.44. Action: Standard Nurture."
20013.0,383,2,327.3586684526724,United Kingdom,1,0.15334377969606527,8.1632613002936,LOW,1,Hibernating,140.34324059974455,D,Standard Nurture,Customer categorized as 'Hibernating' with Churn Risk level: LOW (8.2/100) and CLTV Tier: D. Key drivers: Inactivity of 383 days is significantly above standard limit. Low repeat purchase rate. Low transaction value (£327.36). Action: Standard Nurture.
20014.0,435,18,6892.140252063287,United Kingdom,-1,-0.06528451618804543,55.83552571146726,HIGH,2,At Risk,0.5228343322069442,D,Standard Nurture,"Customer categorized as 'At Risk' with Churn Risk level: HIGH (55.8/100) and CLTV Tier: D. Key drivers: Inactivity of 435 days is significantly above standard limit. High historical engagement with 18 distinct transactions. Extremely high historical spend of £6,892.14. Action: Standard Nurture."
20015.0,118,3,835.4115990154165,United Kingdom,1,0.17194543119952138,4.107140177585289,LOW,2,At Risk,502.4017509387817,B,Loyalty Maintenance,Customer categorized as 'At Risk' with Churn Risk level: LOW (4.1/100) and CLTV Tier: B. Key drivers: Standard activity patterns. Action: Loyalty Maintenance.
20016.0,9,24,69554.79374422575,United Kingdom,-1,-0.14958059971837745,74.2164272623558,HIGH,0,High Value,1.7622808940087603e-15,D,Standard Nurture,"Customer categorized as 'High Value' with Churn Risk level: HIGH (74.2/100) and CLTV Tier: D. Key drivers: Very recent interaction (9 days ago). High historical engagement with 24 distinct transactions. Extremely high historical spend of £69,554.79. Action: Standard Nurture."
20017.0,386,2,112.1798898741702,United Kingdom,1,0.13796122966458174,11.517451980203152,LOW,1,Hibernating,49.8644781005583,D,Standard Nurture,Customer categorized as 'Hibernating' with Churn Risk level: LOW (11.5/100) and CLTV Tier: D. Key drivers: Inactivity of 386 days is significantly above standard limit. Low repeat purchase rate. Low transaction value (£112.18). Action: Standard Nurture.
20018.0,421,2,378.8765904476321,United Kingdom,1,0.1525784524674662,8.3301421784311,LOW,1,Hibernating,151.97499510508885,D,Standard Nurture,Customer categorized as 'Hibernating' with Churn Risk level: LOW (8.3/100) and CLTV Tier: D. Key drivers: Inactivity of 421 days is significantly above standard limit. Low repeat purchase rate. Low transaction value (£378.88). Action: Standard Nurture.
20019.0,8,23,23883.672186902317,United Kingdom,-1,-0.046537376199357605,51.747680581998054,HIGH,0,High Value,8.801945640399152e-15,D,Standard Nurture,"Customer categorized as 'High Value' with Churn Risk level: HIGH (51.7/100) and CLTV Tier: D. Key drivers: Very recent interaction (8 days ago). High historical engagement with 23 distinct transactions. Extremely high historical spend of £23,883.67. Action: Standard Nurture."
20020.0,262,12,6418.085932529612,United Kingdom,-1,-0.0003277002581475452,41.67158370297501,MEDIUM,2,At Risk,33.60657846294856,D,Standard Nurture,"Customer categorized as 'At Risk' with Churn Risk level: MEDIUM (41.7/100) and CLTV Tier: D. Key drivers: Extremely high historical spend of £6,418.09. Action: Standard Nurture."
20021.0,362,2,215.99123859467875,United Kingdom,1,0.14506902639990144,9.96758505206019,LOW,1,Hibernating,97.16871160704876,D,Standard Nurture,Customer categorized as 'Hibernating' with Churn Risk level: LOW (10.0/100) and CLTV Tier: D. Key drivers: Inactivity of 362 days is significantly above standard limit. Low repeat purchase rate. Low transaction value (£215.99). Action: Standard Nurture.
20022.0,30,5,1489.1287224876269,United Kingdom,1,0.18092702620754708,2.1486884121118766,LOW,3,New/Occasional,401.90492809991605,C,Onboarding Campaign,Customer categorized as 'New/Occasional' with Churn Risk level: LOW (2.1/100) and CLTV Tier: C. Key drivers: Very recent interaction (30 days ago). Action: Onboarding Campaign.
20023.0,367,13,5904.663258138005,United Kingdom,-1,-0.03368521004850755,48.9452443258767,MEDIUM,2,At Risk,42.6212181587797,D,Standard Nurture,Customer categorized as 'At Risk' with Churn Risk level: MEDIUM (48.9/100) and CLTV Tier: D. Key drivers: Inactivity of 367 days is significantly above standard limit. High historical engagement with 13 distinct transactions. Action: Standard Nurture.
20024.0,8,1,221.07996913871293,United Kingdom,1,0.15262536707886176,8.319912369200999,LOW,3,New/Occasional,0.0,Unknown,Onboarding Campaign,Customer categorized as 'New/Occasional' with Churn Risk level: LOW (8.3/100) and CLTV Tier: Unknown. Key drivers: Very recent interaction (8 days ago). Low repeat purchase rate. Low transaction value (£221.08). Action: Onboarding Campaign.
20025.0,574,2,393.8665621310919,EIRE,1,0.0867329111472731,22.68787223994616,LOW,1,Hibernating,126.47879001355108,D,Standard Nurture,Customer categorized as 'Hibernating' with Churn Risk level: LOW (22.7/100) and CLTV Tier: D. Key drivers: Inactivity of 574 days is significantly above standard limit. Low repeat purchase rate. Low transaction value (£393.87). Action: Standard Nurture.
20026.0,389,23,13023.629947070856,United Kingdom,-1,-0.10089027607112622,63.59942101533378,HIGH,0,High Value,0.00050552425995985,D,Standard Nurture,"Customer categorized as 'High Value' with Churn Risk level: HIGH (63.6/100) and CLTV Tier: D. Key drivers: Inactivity of 389 days is significantly above standard limit. High historical engagement with 23 distinct transactions. Extremely high historical spend of £13,023.63. Action: Standard Nurture."
20027.0,6,2,120.38757077738197,United Kingdom,1,0.1520424649780323,8.44701514409204,LOW,3,New/Occasional,145.28731807884938,D,Onboarding Campaign,Customer categorized as 'New/Occasional' with Churn Risk level: LOW (8.4/100) and CLTV Tier: D. Key drivers: Very recent interaction (6 days ago). Low repeat purchase rate. Low transaction value (£120.39). Action: Onboarding Campaign.
20028.0,88,6,426.54052628456986,United Kingdom,1,0.1575755560987923,7.2405154005281585,LOW,2,At Risk,90.13974670110393,D,Standard Nurture,Customer categorized as 'At Risk' with Churn Risk level: LOW (7.2/100) and CLTV Tier: D. Key drivers: Low transaction value (£426.54). Action: Standard Nurture.
20029.0,3,31,53387.95928070874,United Kingdom,-1,-0.14552832958639295,73.33282300419579,HIGH,0,High Value,2.0895961186855085e-25,D,Standard Nurture,"Customer categorized as 'High Value' with Churn Risk level: HIGH (73.3/100) and CLTV Tier: D. Key drivers: Very recent interaction (3 days ago). High historical engagement with 31 distinct transactions. Extremely high historical spend of £53,387.96. Action: Standard Nurture."
20030.0,377,1,376.59009583259177,United Kingdom,1,0.1529995851981108,8.238313484408211,LOW,1,Hibernating,0.0,Unknown,Standard Nurture,Customer categorized as 'Hibernating' with Churn Risk level: LOW (8.2/100) and CLTV Tier: Unknown. Key drivers: Inactivity of 377 days is significantly above standard limit. Low repeat purchase rate. Low transaction value (£376.59). Action: Standard Nurture.
20031.0,12,36,20680.37155532853,United Kingdom,-1,-0.07130981435580563,57.14935202222935,HIGH,0,High Value,9.906210229831535e-32,D,Standard Nurture,"Customer categorized as 'High Value' with Churn Risk level: HIGH (57.1/100) and CLTV Tier: D. Key drivers: Very recent interaction (12 days ago). High historical engagement with 36 distinct transactions. Extremely high historical spend of £20,680.37. Action: Standard Nurture."
20032.0,3,1,429.9920230170896,United Kingdom,1,0.14046725791147363,10.971008342957644,LOW,3,New/Occasional,0.0,Unknown,Onboarding Campaign,Customer categorized as 'New/Occasional' with Churn Risk level: LOW (11.0/100) and CLTV Tier: Unknown. Key drivers: Very recent interaction (3 days ago). Low repeat purchase rate. Low transaction value (£429.99). Action: Onboarding Campaign.
20033.0,89,3,786.9636654407227,EIRE,1,0.18221924628251668,1.8669176703958512,LOW,2,At Risk,509.11474938167544,B,Loyalty Maintenance,Customer categorized as 'At Risk' with Churn Risk level: LOW (1.9/100) and CLTV Tier: B. Key drivers: Standard activity patterns. Action: Loyalty Maintenance.
20034.0,289,12,13805.016685959965,United Kingdom,-1,-0.07036083652966652,56.94242582511887,HIGH,2,At Risk,106.42481483847601,D,Standard Nurture,"Customer categorized as 'At Risk' with Churn Risk level: HIGH (56.9/100) and CLTV Tier: D. Key drivers: Extremely high historical spend of £13,805.02. Action: Standard Nurture."
20035.0,38,3,958.7353193802576,United Kingdom,1,0.1873268746145771,0.7531907972327612,LOW,3,New/Occasional,699.5623918861205,B,Loyalty Maintenance,Customer categorized as 'New/Occasional' with Churn Risk level: LOW (0.8/100) and CLTV Tier: B. Key drivers: Very recent interaction (38 days ago). Action: Loyalty Maintenance.
20036.0,3,31,71531.4818198838,Germany,-1,-0.15778731231484622,76.0059146261175,CRITICAL,0,High Value,2.799680061436953e-25,D,Low-cost Automation,"Customer categorized as 'High Value' with Churn Risk level: CRITICAL (76.0/100) and CLTV Tier: D. Key drivers: Very recent interaction (3 days ago). High historical engagement with 31 distinct transactions. Extremely high historical spend of £71,531.48. Action: Low-cost Automation."
20037.0,365,1,376.1849478617506,France,1,0.1450104790025385,9.980351409664468,LOW,1,Hibernating,0.0,Unknown,Standard Nurture,Customer categorized as 'Hibernating' with Churn Risk level: LOW (10.0/100) and CLTV Tier: Unknown. Key drivers: Inactivity of 365 days is significantly above standard limit. Low repeat purchase rate. Low transaction value (£376.18). Action: Standard Nurture.
20038.0,353,2,244.85404993148825,France,1,0.1431317900727877,10.390002662917153,LOW,1,Hibernating,111.52085953448383,D,Standard Nurture,Customer categorized as 'Hibernating' with Churn Risk level: LOW (10.4/100) and CLTV Tier: D. Key drivers: Inactivity of 353 days is significantly above standard limit. Low repeat purchase rate. Low transaction value (£244.85). Action: Standard Nurture.
20039.0,9,1,586.8319183776587,United Kingdom,1,0.15202801522484732,8.45016593686443,LOW,3,New/Occasional,0.0,Unknown,Onboarding Campaign,Customer categorized as 'New/Occasional' with Churn Risk level: LOW (8.5/100) and CLTV Tier: Unknown. Key drivers: Very recent interaction (9 days ago). Low repeat purchase rate. Low transaction value (£586.83). Action: Onboarding Campaign.
20040.0,343,10,10823.535114031209,United Kingdom,-1,-0.05340300185418878,53.24474170229669,HIGH,2,At Risk,786.471370482283,B,Standard Nurture,"Customer categorized as 'At Risk' with Churn Risk level: HIGH (53.2/100) and CLTV Tier: B. Key drivers: Inactivity of 343 days is significantly above standard limit. Extremely high historical spend of £10,823.54. Action: Standard Nurture."
20041.0,1,2,218.6245437484,United Kingdom,1,0.14247464947601163,10.533293265618603,LOW,3,New/Occasional,261.8776621657586,C,Onboarding Campaign,Customer categorized as 'New/Occasional' with Churn Risk level: LOW (10.5/100) and CLTV Tier: C. Key drivers: Very recent interaction (1 days ago). Low repeat purchase rate. Low transaction value (£218.62). Action: Onboarding Campaign.
20042.0,284,10,10891.35470760412,United Kingdom,-1,-0.039427351470863514,50.19732783622894,HIGH,2,At Risk,532.5594110845093,B,Standard Nurture,"Customer categorized as 'At Risk' with Churn Risk level: HIGH (50.2/100) and CLTV Tier: B. Key drivers: Extremely high historical spend of £10,891.35. Action: Standard Nurture."
20043.0,12,33,24890.17757612941,United Kingdom,-1,-0.08670094373537929,60.5054134432933,HIGH,0,High Value,1.795989287043705e-27,D,Standard Nurture,"Customer categorized as 'High Value' with Churn Risk level: HIGH (60.5/100) and CLTV Tier: D. Key drivers: Very recent interaction (12 days ago). High historical engagement with 33 distinct transactions. Extremely high historical spend of £24,890.18. Action: Standard Nurture."
20044.0,67,7,1178.7874447351282,United Kingdom,1,0.1697414463135915,4.587722756411095,LOW,2,At Risk,75.41827873829678,D,Standard Nurture,Customer categorized as 'At Risk' with Churn Risk level: LOW (4.6/100) and CLTV Tier: D. Key drivers: Standard activity patterns. Action: Standard Nurture.
20045.0,176,9,7200.940892336108,Netherlands,1,0.013267400995337186,38.70714920911449,MEDIUM,2,At Risk,283.90710211558036,C,Standard Nurture,"Customer categorized as 'At Risk' with Churn Risk level: MEDIUM (38.7/100) and CLTV Tier: C. Key drivers: Extremely high historical spend of £7,200.94. Action: Standard Nurture."
20046.0,296,11,3291.791597177446,United Kingdom,1,0.03866963484460917,33.16814976807749,MEDIUM,2,At Risk,75.46324367470096,D,Standard Nurture,Customer categorized as 'At Risk' with Churn Risk level: MEDIUM (33.2/100) and CLTV Tier: D. Key drivers: Standard activity patterns. Action: Standard Nurture.
20047.0,46,6,1904.733734964663,United Kingdom,1,0.17050008564262964,4.422300185922823,LOW,2,At Risk,253.89528739348026,C,Standard Nurture,Customer categorized as 'At Risk' with Churn Risk level: LOW (4.4/100) and CLTV Tier: C. Key drivers: Very recent interaction (46 days ago). Action: Standard Nurture.
20048.0,155,10,11972.625286768967,Australia,-1,-0.02013703501344999,45.99104217217887,MEDIUM,0,High Value,107.78525032335318,D,Standard Nurture,"Customer categorized as 'High Value' with Churn Risk level: MEDIUM (46.0/100) and CLTV Tier: D. Key drivers: Extremely high historical spend of £11,972.63. Action: Standard Nurture."
20049.0,598,1,234.5230377291313,Australia,1,0.12110713753195151,15.192514868599494,LOW,1,Hibernating,0.0,Unknown,Standard Nurture,Customer categorized as 'Hibernating' with Churn Risk level: LOW (15.2/100) and CLTV Tier: Unknown. Key drivers: Inactivity of 598 days is significantly above standard limit. Low repeat purchase rate. Low transaction value (£234.52). Action: Standard Nurture.
20050.0,12,44,10650.969200459616,United Kingdom,-1,-0.06956623019245745,56.76916058853529,HIGH,0,High Value,1.161060358024688e-43,D,Standard Nurture,"Customer categorized as 'High Value' with Churn Risk level: HIGH (56.8/100) and CLTV Tier: D. Key drivers: Very recent interaction (12 days ago). High historical engagement with 44 distinct transactions. Extremely high historical spend of £10,650.97. Action: Standard Nurture."
20051.0,310,10,5033.91296023311,United Kingdom,1,0.016042795204667448,38.10196987467661,MEDIUM,2,At Risk,299.4687763379729,C,Standard Nurture,Customer categorized as 'At Risk' with Churn Risk level: MEDIUM (38.1/100) and CLTV Tier: C. Key drivers: Inactivity of 310 days is significantly above standard limit. Action: Standard Nurture.
20052.0,6,14,47754.58775670237,United Kingdom,-1,-0.11478246135100167,66.6286351764426,HIGH,0,High Value,0.0002552268005018878,D,Standard Nurture,"Customer categorized as 'High Value' with Churn Risk level: HIGH (66.6/100) and CLTV Tier: D. Key drivers: Very recent interaction (6 days ago). High historical engagement with 14 distinct transactions. Extremely high historical spend of £47,754.59. Action: Standard Nurture."
20053.0,437,22,14880.64620125116,United Kingdom,-1,-0.12170072424950906,68.13717393548082,HIGH,0,High Value,0.007539365827747566,D,Standard Nurture,"Customer categorized as 'High Value' with Churn Risk level: HIGH (68.1/100) and CLTV Tier: D. Key drivers: Inactivity of 437 days is significantly above standard limit. High historical engagement with 22 distinct transactions. Extremely high historical spend of £14,880.65. Action: Standard Nurture."
20054.0,2,2,470.3843088771022,United Kingdom,1,0.15368534072121137,8.088783349315342,LOW,3,New/Occasional,551.5562493790338,B,Loyalty Maintenance,Customer categorized as 'New/Occasional' with Churn Risk level: LOW (8.1/100) and CLTV Tier: B. Key drivers: Very recent interaction (2 days ago). Low repeat purchase rate. Low transaction value (£470.38). Action: Loyalty Maintenance.
20055.0,11,40,27238.260773584887,United Kingdom,-1,-0.12300905148172503,68.42245686968802,HIGH,0,High Value,1.740823821863198e-37,D,Standard Nurture,"Customer categorized as 'High Value' with Churn Risk level: HIGH (68.4/100) and CLTV Tier: D. Key drivers: Very recent interaction (11 days ago). High historical engagement with 40 distinct transactions. Extremely high historical spend of £27,238.26. Action: Standard Nurture."
20056.0,555,1,256.2600730203018,United Kingdom,1,0.1260993134661293,14.10396258327512,LOW,1,Hibernating,0.0,Unknown,Standard Nurture,Customer categorized as 'Hibernating' with Churn Risk level: LOW (14.1/100) and CLTV Tier: Unknown. Key drivers: Inactivity of 555 days is significantly above standard limit. Low repeat purchase rate. Low transaction value (£256.26). Action: Standard Nurture.
20057.0,7,47,64872.138422508135,United Kingdom,-1,-0.175899379718237,79.9552811195797,CRITICAL,0,High Value,2.9710148727786684e-48,D,Low-cost Automation,"Customer categorized as 'High Value' with Churn Risk level: CRITICAL (80.0/100) and CLTV Tier: D. Key drivers: Very recent interaction (7 days ago). High historical engagement with 47 distinct transactions. Extremely high historical spend of £64,872.14. Action: Low-cost Automation."
20058.0,649,2,359.3019764724995,United Kingdom,1,0.06711568013492503,26.965442167726504,MEDIUM,1,Hibernating,105.30679878434196,D,Standard Nurture,Customer categorized as 'Hibernating' with Churn Risk level: MEDIUM (27.0/100) and CLTV Tier: D. Key drivers: Inactivity of 649 days is significantly above standard limit. Low repeat purchase rate. Low transaction value (£359.30). Action: Standard Nurture.
20059.0,2,2,319.2370615090435,United Kingdom,1,0.15122219066623838,8.625877325327092,LOW,3,New/Occasional,377.058048297383,C,Onboarding Campaign,Customer categorized as 'New/Occasional' with Churn Risk level: LOW (8.6/100) and CLTV Tier: C. Key drivers: Very recent interaction (2 days ago). Low repeat purchase rate. Low transaction value (£319.24). Action: Onboarding Campaign.
20060.0,80,3,648.0665867643906,United Kingdom,1,0.1851309831023824,1.2320086024224741,LOW,3,New/Occasional,429.46494005271904,C,Standard Nurture,Customer categorized as 'New/Occasional' with Churn Risk level: LOW (1.2/100) and CLTV Tier: C. Key drivers: Standard activity patterns. Action: Standard Nurture.
20061.0,399,2,348.34970877531987,Australia,1,0.1543860804242707,7.935985888801089,LOW,1,Hibernating,145.1368548139058,D,Standard Nurture,Customer categorized as 'Hibernating' with Churn Risk level: LOW (7.9/100) and CLTV Tier: D. Key drivers: Inactivity of 399 days is significantly above standard limit. Low repeat purchase rate. Low transaction value (£348.35). Action: Standard Nurture.
20062.0,71,5,603.2968202430156,United Kingdom,1,0.16755154929496074,5.065233452285279,LOW,2,At Risk,209.42133072007434,C,Standard Nurture,Customer categorized as 'At Risk' with Churn Risk level: LOW (5.1/100) and CLTV Tier: C. Key drivers: Low transaction value (£603.30). Action: Standard Nurture.
20063.0,302,2,109.85378017383198,United Kingdom,1,0.13736829260574573,11.646742894417638,LOW,1,Hibernating,57.12053834550592,D,Standard Nurture,Customer categorized as 'Hibernating' with Churn Risk level: LOW (11.6/100) and CLTV Tier: D. Key drivers: Inactivity of 302 days is significantly above standard limit. Low repeat purchase rate. Low transaction value (£109.85). Action: Standard Nurture.
20064.0,4,2,125.84086058430384,United Kingdom,1,0.14905114119061075,9.099278283027113,LOW,3,New/Occasional,152.634905895348,D,Onboarding Campaign,Customer categorized as 'New/Occasional' with Churn Risk level: LOW (9.1/100) and CLTV Tier: D. Key drivers: Very recent interaction (4 days ago). Low repeat purchase rate. Low transaction value (£125.84). Action: Onboarding Campaign.
20065.0,296,1,265.84906355433645,United Kingdom,1,0.1574529417791819,7.267251657339868,LOW,1,Hibernating,0.0,Unknown,Standard Nurture,Customer categorized as 'Hibernating' with Churn Risk level: LOW (7.3/100) and CLTV Tier: Unknown. Key drivers: Low repeat purchase rate. Low transaction value (£265.85). Action: Standard Nurture.
20066.0,518,2,221.03112887144223,Germany,1,0.11791154979809904,15.889318101599448,LOW,1,Hibernating,77.65139759549696,D,Standard Nurture,Customer categorized as 'Hibernating' with Churn Risk level: LOW (15.9/100) and CLTV Tier: D. Key drivers: Inactivity of 518 days is significantly above standard limit. Low repeat purchase rate. Low transaction value (£221.03). Action: Standard Nurture.
20067.0,1,2,235.41612563103712,United Kingdom,1,0.14378408410045085,10.247768862690897,LOW,3,New/Occasional,281.33591181327415,C,Onboarding Campaign,Customer categorized as 'New/Occasional' with Churn Risk level: LOW (10.2/100) and CLTV Tier: C. Key drivers: Very recent interaction (1 days ago). Low repeat purchase rate. Low transaction value (£235.42). Action: Onboarding Campaign.
20068.0,595,1,98.20345950260692,United Kingdom,1,0.11451781867826488,16.62932683025422,LOW,1,Hibernating,0.0,Unknown,Standard Nurture,Customer categorized as 'Hibernating' with Churn Risk level: LOW (16.6/100) and CLTV Tier: Unknown. Key drivers: Inactivity of 595 days is significantly above standard limit. Low repeat purchase rate. Low transaction value (£98.20). Action: Standard Nurture.
20069.0,376,1,284.7449632831856,United Kingdom,1,0.15744848739333162,7.268222943600811,LOW,1,Hibernating,0.0,Unknown,Standard Nurture,Customer categorized as 'Hibernating' with Churn Risk level: LOW (7.3/100) and CLTV Tier: Unknown. Key drivers: Inactivity of 376 days is significantly above standard limit. Low repeat purchase rate. Low transaction value (£284.74). Action: Standard Nurture.
20070.0,30,4,783.6597746518452,United Kingdom,1,0.18735522078388867,0.7470098677560877,LOW,3,New/Occasional,393.9739896625223,C,Onboarding Campaign,Customer categorized as 'New/Occasional' with Churn Risk level: LOW (0.7/100) and CLTV Tier: C. Key drivers: Very recent interaction (30 days ago). Action: Onboarding Campaign.
20071.0,338,2,375.8071790156926,United Kingdom,1,0.1516630432641881,8.52974868136166,LOW,1,Hibernating,174.1718651935475,D,Standard Nurture,Customer categorized as 'Hibernating' with Churn Risk level: LOW (8.5/100) and CLTV Tier: D. Key drivers: Inactivity of 338 days is significantly above standard limit. Low repeat purchase rate. Low transaction value (£375.81). Action: Standard Nurture.
20072.0,7,2,377.1770262557004,United Kingdom,1,0.16605512694582109,5.391530840326897,LOW,3,New/Occasional,435.67560473981644,C,Onboarding Campaign,Customer categorized as 'New/Occasional' with Churn Risk level: LOW (5.4/100) and CLTV Tier: C. Key drivers: Very recent interaction (7 days ago). Low repeat purchase rate. Low transaction value (£377.18). Action: Onboarding Campaign.
20073.0,496,1,121.66046611542826,United Kingdom,1,0.12667667099092544,13.978068812431966,LOW,1,Hibernating,0.0,Unknown,Standard Nurture,Customer categorized as 'Hibernating' with Churn Risk level: LOW (14.0/100) and CLTV Tier: Unknown. Key drivers: Inactivity of 496 days is significantly above standard limit. Low repeat purchase rate. Low transaction value (£121.66). Action: Standard Nurture.
20074.0,5,2,107.19674431487792,United Kingdom,1,0.14796225175195943,9.336712440504314,LOW,3,New/Occasional,130.77814530344406,D,Onboarding Campaign,Customer categorized as 'New/Occasional' with Churn Risk level: LOW (9.3/100) and CLTV Tier: D. Key drivers: Very recent interaction (5 days ago). Low repeat purchase rate. Low transaction value (£107.20). Action: Onboarding Campaign.
20075.0,98,3,898.2612950260707,United Kingdom,1,0.17575724898394546,3.27596695468918,LOW,2,At Risk,567.6296852245557,B,Loyalty Maintenance,Customer categorized as 'At Risk' with Churn Risk level: LOW (3.3/100) and CLTV Tier: B. Key drivers: Standard activity patterns. Action: Loyalty Maintenance.
20076.0,453,2,66.19863944087055,Australia,1,0.12139297521920289,15.130187484350245,LOW,1,Hibernating,27.517431040269454,D,Standard Nurture,Customer categorized as 'Hibernating' with Churn Risk level: LOW (15.1/100) and CLTV Tier: D. Key drivers: Inactivity of 453 days is significantly above standard limit. Low repeat purchase rate. Low transaction value (£66.20). Action: Standard Nurture.
20077.0,288,2,94.0846918667056,United Kingdom,1,0.1432629225404633,10.361409009718514,LOW,1,Hibernating,50.859636076015136,D,Standard Nurture,Customer categorized as 'Hibernating' with Churn Risk level: LOW (10.4/100) and CLTV Tier: D. Key drivers: Low repeat purchase rate. Low transaction value (£94.08). Action: Standard Nurture.
20078.0,172,17,14389.748779096632,United Kingdom,-1,-0.06218274228408571,55.159178740480364,HIGH,0,High Value,0.005822186449377742,D,Standard Nurture,"Customer categorized as 'High Value' with Churn Risk level: HIGH (55.2/100) and CLTV Tier: D. Key drivers: High historical engagement with 17 distinct transactions. Extremely high historical spend of £14,389.75. Action: Standard Nurture."
20079.0,81,4,1401.3758651427784,Spain,1,0.1796355529056975,2.430296318704084,LOW,2,At Risk,711.5257211905381,B,Loyalty Maintenance,Customer categorized as 'At Risk' with Churn Risk level: LOW (2.4/100) and CLTV Tier: B. Key drivers: Standard activity patterns. Action: Loyalty Maintenance.
20080.0,506,2,273.71664369900964,United Kingdom,1,0.12693628890131203,13.921458694241295,LOW,1,Hibernating,97.1992452579746,D,Standard Nurture,Customer categorized as 'Hibernating' with Churn Risk level: LOW (13.9/100) and CLTV Tier: D. Key drivers: Inactivity of 506 days is significantly above standard limit. Low repeat purchase rate. Low transaction value (£273.72). Action: Standard Nurture.
20081.0,529,2,267.6951329363368,United Kingdom,1,0.12042399369368256,15.341475521460657,LOW,1,Hibernating,92.09593896937139,D,Standard Nurture,Customer categorized as 'Hibernating' with Churn Risk level: LOW (15.3/100) and CLTV Tier: D. Key drivers: Inactivity of 529 days is significantly above standard limit. Low repeat purchase rate. Low transaction value (£267.70). Action: Standard Nurture.
20082.0,61,5,1681.5188714918395,United Kingdom,1,0.17671825920095674,3.0664170746888098,LOW,2,At Risk,559.4513083631707,B,Loyalty Maintenance,Customer categorized as 'At Risk' with Churn Risk level: LOW (3.1/100) and CLTV Tier: B. Key drivers: Standard activity patterns. Action: Loyalty Maintenance.
20083.0,3,2,164.2501766169551,United Kingdom,1,0.14473128256172246,10.04123065905631,LOW,3,New/Occasional,197.3865284807657,C,Onboarding Campaign,Customer categorized as 'New/Occasional' with Churn Risk level: LOW (10.0/100) and CLTV Tier: C. Key drivers: Very recent interaction (3 days ago). Low repeat purchase rate. Low transaction value (£164.25). Action: Onboarding Campaign.
20084.0,250,19,7633.231653609291,EIRE,-1,-0.04652889421102768,51.74583107030168,HIGH,0,High Value,0.0019969175033869436,D,Standard Nurture,"Customer categorized as 'High Value' with Churn Risk level: HIGH (51.7/100) and CLTV Tier: D. Key drivers: High historical engagement with 19 distinct transactions. Extremely high historical spend of £7,633.23. Action: Standard Nurture."
20085.0,10,40,10202.09756563741,Australia,-1,-0.05964210274699022,54.605188053702555,HIGH,0,High Value,4.720063232402579e-38,D,Standard Nurture,"Customer categorized as 'High Value' with Churn Risk level: HIGH (54.6/100) and CLTV Tier: D. Key drivers: Very recent interaction (10 days ago). High historical engagement with 40 distinct transactions. Extremely high historical spend of £10,202.10. Action: Standard Nurture."
20086.0,635,1,64.94389547969351,United Kingdom,1,0.09679582444271195,20.493637219145544,LOW,1,Hibernating,0.0,Unknown,Standard Nurture,Customer categorized as 'Hibernating' with Churn Risk level: LOW (20.5/100) and CLTV Tier: Unknown. Key drivers: Inactivity of 635 days is significantly above standard limit. Low repeat purchase rate. Low transaction value (£64.94). Action: Standard Nurture.
20087.0,239,15,7624.75945158678,United Kingdom,-1,-0.027994460267226184,47.70436684854011,MEDIUM,2,At Risk,0.5572945790697766,D,Standard Nurture,"Customer categorized as 'At Risk' with Churn Risk level: MEDIUM (47.7/100) and CLTV Tier: D. Key drivers: High historical engagement with 15 distinct transactions. Extremely high historical spend of £7,624.76. Action: Standard Nurture."
20088.0,14,45,24552.08961769273,United Kingdom,-1,-0.12026291225795605,67.82365663362523,HIGH,0,High Value,1.726036416541709e-44,D,Standard Nurture,"Customer categorized as 'High Value' with Churn Risk level: HIGH (67.8/100) and CLTV Tier: D. Key drivers: Very recent interaction (14 days ago). High historical engagement with 45 distinct transactions. Extremely high historical spend of £24,552.09. Action: Standard Nurture."
20089.0,263,20,14239.777822268486,United Kingdom,-1,-0.0902068918061043,61.26989126517617,HIGH,0,High Value,0.0011842789709880929,D,Standard Nurture,"Customer categorized as 'High Value' with Churn Risk level: HIGH (61.3/100) and CLTV Tier: D. Key drivers: High historical engagement with 20 distinct transactions. Extremely high historical spend of £14,239.78. Action: Standard Nurture."
20090.0,118,7,1948.128882432396,United Kingdom,1,0.14549068777839724,9.875641085491981,LOW,2,At Risk,248.42111235482065,C,Standard Nurture,Customer categorized as 'At Risk' with Churn Risk level: LOW (9.9/100) and CLTV Tier: C. Key drivers: Standard activity patterns. Action: Standard Nurture.
20091.0,102,5,1984.8082272010768,United Kingdom,1,0.15895125284803596,6.940542430815677,LOW,2,At Risk,729.277962816968,B,Loyalty Maintenance,Customer categorized as 'At Risk' with Churn Risk level: LOW (6.9/100) and CLTV Tier: B. Key drivers: Standard activity patterns. Action: Loyalty Maintenance.
20092.0,345,2,350.83314466759714,United Kingdom,1,0.1505554660100823,8.77125774815475,LOW,1,Hibernating,160.71791133145206,D,Standard Nurture,Customer categorized as 'Hibernating' with Churn Risk level: LOW (8.8/100) and CLTV Tier: D. Key drivers: Inactivity of 345 days is significantly above standard limit. Low repeat purchase rate. Low transaction value (£350.83). Action: Standard Nurture.
20093.0,41,3,1487.7516478403934,United Kingdom,1,0.17684831111828037,3.0380590372958927,LOW,3,New/Occasional,1076.5048242752387,A,Loyalty Maintenance,Customer categorized as 'New/Occasional' with Churn Risk level: LOW (3.0/100) and CLTV Tier: A. Key drivers: Very recent interaction (41 days ago). Action: Loyalty Maintenance.
20094.0,59,3,1254.9239576489017,Germany,1,0.18490468140182037,1.2813540655166489,LOW,3,New/Occasional,872.0579529760975,B,Loyalty Maintenance,Customer categorized as 'New/Occasional' with Churn Risk level: LOW (1.3/100) and CLTV Tier: B. Key drivers: Very recent interaction (59 days ago). Action: Loyalty Maintenance.
20095.0,366,20,13746.278741954406,United Kingdom,-1,-0.10046959353692153,63.50769048739517,HIGH,0,High Value,0.020821946698809504,D,Standard Nurture,"Customer categorized as 'High Value' with Churn Risk level: HIGH (63.5/100) and CLTV Tier: D. Key drivers: Inactivity of 366 days is significantly above standard limit. High historical engagement with 20 distinct transactions. Extremely high historical spend of £13,746.28. Action: Standard Nurture."
20096.0,645,1,364.9913312751276,United Kingdom,1,0.09562592774030682,20.748735145538298,LOW,1,Hibernating,0.0,Unknown,Standard Nurture,Customer categorized as 'Hibernating' with Churn Risk level: LOW (20.7/100) and CLTV Tier: Unknown. Key drivers: Inactivity of 645 days is significantly above standard limit. Low repeat purchase rate. Low transaction value (£364.99). Action: Standard Nurture.
20097.0,533,2,280.4048646369922,United Kingdom,1,0.12086751724825712,15.244764470950212,LOW,1,Hibernating,95.8220758576916,D,Standard Nurture,Customer categorized as 'Hibernating' with Churn Risk level: LOW (15.2/100) and CLTV Tier: D. Key drivers: Inactivity of 533 days is significantly above standard limit. Low repeat purchase rate. Low transaction value (£280.40). Action: Standard Nurture.
20098.0,10,27,38633.41414837398,United Kingdom,-1,-0.11252340842164588,66.13604491893919,HIGH,0,High Value,1.8113538087708528e-19,D,Standard Nurture,"Customer categorized as 'High Value' with Churn Risk level: HIGH (66.1/100) and CLTV Tier: D. Key drivers: Very recent interaction (10 days ago). High historical engagement with 27 distinct transactions. Extremely high historical spend of £38,633.41. Action: Standard Nurture."
20099.0,54,6,1476.0295297232617,United Kingdom,1,0.17495262311436216,3.451416967011367,LOW,2,At Risk,220.77923654689954,C,Standard Nurture,Customer categorized as 'At Risk' with Churn Risk level: LOW (3.5/100) and CLTV Tier: C. Key drivers: Very recent interaction (54 days ago). Action: Standard Nurture.
20100.0,400,2,322.15871283398496,France,1,0.1543977253157945,7.933446700790148,LOW,1,Hibernating,134.2250486922877,D,Standard Nurture,Customer categorized as 'Hibernating' with Churn Risk level: LOW (7.9/100) and CLTV Tier: D. Key drivers: Inactivity of 400 days is significantly above standard limit. Low repeat purchase rate. Low transaction value (£322.16). Action: Standard Nurture.
